{
  "coefficients": [
    0.004401376275920475,
    0.23956838194386967,
    -0.0009939744509629383,
    9.450966395100787e-05,
    3.0569040958308026e-05
  ],
  "intercept": -1.077548243914491,
  "features": [
    "Voltage",
    "Global_intensity",
    "Sub_metering_1",
    "Hour",
    "Day"
  ],
  "rmse": 0.047934073509549514
}